{"cameraMode":{"drawMode":0,"name":"Shaded","section":"Shading Mode"},"sceneLighting":true,"audioPlay":false,"sceneViewState":{"showFog":true,"showMaterialUpdate":false,"showSkybox":true,"showFlares":true,"showImageEffects":true,"showParticleSystems":true},"in2DMode":false,"pivot":{"x":45.30279541015625,"y":5.108291149139404,"z":-7.886708736419678},"rotation":{"x":-0.03591129183769226,"y":-0.8121011257171631,"z":0.050259195268154147,"w":-0.5802507996559143},"size":11.14255428314209,"orthographic":false}