{"cameraMode":{"drawMode":0,"name":"Shaded","section":"Shading Mode"},"sceneLighting":true,"audioPlay":false,"sceneViewState":{"showFog":true,"showMaterialUpdate":false,"showSkybox":true,"showFlares":true,"showImageEffects":true,"showParticleSystems":true},"in2DMode":false,"pivot":{"x":4.353177547454834,"y":1.1948713064193726,"z":11.32083511352539},"rotation":{"x":-0.15368330478668214,"y":-0.5485517978668213,"z":0.1034131720662117,"w":-0.8153643608093262},"size":2.879030704498291,"orthographic":false}