{"cameraMode":{"drawMode":0,"name":"Shaded","section":"Shading Mode"},"sceneLighting":true,"audioPlay":false,"sceneViewState":{"showFog":true,"showMaterialUpdate":false,"showSkybox":true,"showFlares":true,"showImageEffects":true,"showParticleSystems":true},"in2DMode":false,"pivot":{"x":7.642390727996826,"y":3.0146963596343996,"z":10.194658279418946},"rotation":{"x":-0.22167910635471345,"y":0.0488307885825634,"z":-0.011094843037426472,"w":-0.9738801121711731},"size":8.219350814819336,"orthographic":false}