{"cameraMode":{"drawMode":0,"name":"Shaded","section":"Shading Mode"},"sceneLighting":true,"audioPlay":false,"sceneViewState":{"showFog":true,"showMaterialUpdate":false,"showSkybox":true,"showFlares":true,"showImageEffects":true,"showParticleSystems":true},"in2DMode":false,"pivot":{"x":23.177330017089845,"y":3.6298828125,"z":-15.958879470825196},"rotation":{"x":0.023603515699505807,"y":-0.8086149096488953,"z":-0.03251589462161064,"w":-0.5869677066802979},"size":12.374246597290039,"orthographic":false}