{"cameraMode":{"drawMode":0,"name":"Shaded","section":"Shading Mode"},"sceneLighting":true,"audioPlay":false,"sceneViewState":{"showFog":true,"showMaterialUpdate":false,"showSkybox":true,"showFlares":true,"showImageEffects":true,"showParticleSystems":true},"in2DMode":false,"pivot":{"x":54.53276443481445,"y":6.836551189422607,"z":-10.704237937927246},"rotation":{"x":-0.01217917911708355,"y":0.7252077460289002,"z":0.012829381041228772,"w":0.688312292098999},"size":15.373090744018555,"orthographic":false}